{
    "name": "listnav",
    "title": "jQuery ListNav",
    "description": "Add a slick \"letter-based\" navigation bar to all of your lists. Click a letter to quicky filter the list to items that match that letter.",
    "keywords": [
        "listnav",
        "list",
        "ul",
        "li",
        "sort",
        "navigation",
        "filter"
    ],
    "version": "2.4.9",
    "author": {
        "name": "Eric Steinborn",
        "email": "esteinborn@gmail.com"
    },
    "maintainers": [
        {
            "name": "Eric Steinborn",
            "email": "esteinborn@gmail.com",
            "url": "http://ericsteinborn.com"
        }
    ],
    "licenses": [
        {
            "type": "MIT",
            "url": "http://www.opensource.org/licenses/mit-license.php"
        },
        {
            "type": "GPL",
            "url": "http://www.gnu.org/licenses/gpl.html"
        }
    ],
    "bugs": "https://github.com/esteinborn/jquery-listnav/issues",
    "homepage": "http://esteinborn.github.io/jquery-listnav",
    "docs": "https://github.com/esteinborn/jquery-listnav",
    "dependencies": {
        "jquery": ">=1.3"
    }
}