<Menu>
    <!--<Settings ResolutionWidth="1900" ResolutionHeight="1080" OffsetLeft="163" OffsetTop="75" />-->
    <Settings ResolutionWidth="1900" ResolutionHeight="1080" OffsetLeft="20" OffsetTop="45" />
    <Categories>
        <Category Id="1" Name="Pizza" Description="Additional vegetable toppings $2, Lamb topping $3, Any other meat topping $3" ImageUrl="" Side="Left">
            <Items>
                <Item>
                    <Id>1</Id>
                    <ImageUrl></ImageUrl>
                    <Name>Cheese Pizza</Name>
                    <Description></Description>
                    <Price>Medium: $8 Large: $10</Price>
                </Item>
                <Item>
                    <Id>2</Id>
                    <ImageUrl></ImageUrl>
                    <Name>Pepperoni Pizza</Name>
                    <Description></Description>
                    <Price>Medium: $10 Large: $11</Price>
                </Item>
                <Item>
                    <Id>3</Id>
                    <ImageUrl></ImageUrl>
                    <Name>Vegetarinian Pizza</Name>
                    <Description>Mushrooms, onion, pepper, tomatos, olives, mozarella cheese</Description>
                    <Price>Medium: $10 Large: $12</Price>
                </Item>
                <Item>
                    <Id>4</Id>
                    <ImageUrl></ImageUrl>
                    <Name>Deluxe Pizza</Name>
                    <Description>Pepperoni, beef, mushrooms, onion, sweet peppers, mozarella cheese</Description>
                    <Price>Medium: $12 Large: $13</Price>
                </Item>
                <Item>
                    <Id>5</Id>
                    <ImageUrl></ImageUrl>
                    <Name>Oasis Pizza</Name>
                    <Description>Pepperoni, beef, mushrooms, onion, sweet peppers, mozarella cheese</Description>
                    <Price>Large: $15</Price>
                </Item>
                <Item>
                    <Id>6</Id>
                    <ImageUrl></ImageUrl>
                    <Name>Greek Pizza</Name>
                    <Description>Spinach, olives, feta cheese, tomatos and mozarella cheese</Description>
                    <Price>Medium: $11 Large: $12</Price>
                </Item>
                <Item>
                    <Id>7</Id>
                    <ImageUrl></ImageUrl>
                    <Name>Hawaiian Pizza</Name>
                    <Description>Ham, Pineapple, bacon, mozarella cheese</Description>
                    <Price>Medium: $12 Large: $13</Price>
                </Item>
            </Items>
        </Category>
        <Category Id="1" Name="Pizza" Description="" ImageUrl="" Side="Center">
            <Items>
                <Item>
                    <Id>8</Id>
                    <ImageUrl></ImageUrl>
                    <Name>Meat-Meat Pizza</Name>
                    <Description></Description>
                    <Price>Medium: $12 Large: $13</Price>
                </Item>
                <Item>
                    <Id>9</Id>
                    <ImageUrl></ImageUrl>
                    <Name>Chicken Alfredo</Name>
                    <Description>Grilled chicken breast, alfredo sauce, red onion and bacon</Description>
                    <Price>Medium: $12 Large: $13</Price>
                </Item>
                <Item>
                    <Id>10</Id>
                    <ImageUrl></ImageUrl>
                    <Name>Mediterranian dream</Name>
                    <Description>Gyro meat, feta cheese, hummus, black olives, tomatoes, onions, white sauce, mozarella cheese and garlic</Description>
                    <Price>Large: $15</Price>
                </Item>
            </Items>
        </Category>
        <Category Id="3" Name="Pastas" ImageUrl="" Side="Center">
            <Items>
                <Item>
                    <Id>14</Id>
                    <ImageUrl></ImageUrl>
                    <Name>Meaty Marinara Pasta</Name>
                    <Description>Rotini pasta w/grilled ground beef, marinara sauce covered with melted mozarella cheese</Description>
                    <Price>$8</Price>
                </Item>
                <Item>
                    <Id>15</Id>
                    <ImageUrl></ImageUrl>
                    <Name>Chicken Alfredo Pasta</Name>
                    <Description>Rotini pasta w/grilled chicken breast, alfreado sauce covered with melted mozarella cheese</Description>
                    <Price>$8</Price>
                </Item>
            </Items>
        </Category>
        <Category Id="5" Name="Soups" Description="" ImageUrl="" Side="Right">
            <Items>
                <Item>
                    <Id>19</Id>
                    <ImageUrl></ImageUrl>
                    <Name>Shurpa</Name>
                    <Description>Clear beef stock with chopped beef, potatoes, peas and vegitables</Description>
                    <Price></Price>
                </Item>
                <Item>
                    <Id>19</Id>
                    <ImageUrl></ImageUrl>
                    <Name>Lagman</Name>
                    <Description>Lamb stock with vegitables and homemade noodles.</Description>
                    <Price></Price>
                </Item>
                <Item>
                    <Id>20</Id>
                    <ImageUrl></ImageUrl>
                    <Name>Kharcho</Name>
                    <Description>Lamb stock with chopped lamb, rice and vegetables.</Description>
                    <Price></Price>
                </Item>
                <Item>
                    <Id>20</Id>
                    <ImageUrl></ImageUrl>
                    <Name>Mushroom</Name>
                    <Description>Creamy mushroom soup with potatoes and barley.</Description>
                    <Price></Price>
                </Item>
                <Item>
                    <Id>21</Id>
                    <ImageUrl></ImageUrl>
                    <ImageOnly />
                    <Name>Borscht</Name>
                    <Description>Beef stock based vegitable soup with beets, cabbage and potatoes</Description>
                    <Price></Price>
                </Item>
                <Item>
                    <Id>21</Id>
                    <ImageUrl></ImageUrl>
                    <ImageOnly />
                    <Name>Solianka</Name>
                    <Description>3 different types of smoked meat in beef broth with vegitables and spices.</Description>
                    <Price>All soups $6</Price>
                </Item>
            </Items>
        </Category>
    </Categories>
</Menu>